<?xml version="1.0" encoding="UTF-8" standalone="yes"?>
<model type="com.apple.IDECoreDataModeler.DataModel" documentVersion="1.0" lastSavedToolsVersion="21754" systemVersion="22F66" minimumToolsVersion="Automatic" sourceLanguage="Swift" userDefinedModelVersionIdentifier="">
    <entity name="Trip" representedClassName="Trip" syncable="YES" codeGenerationType="class">
        <attribute name="date" optional="YES" attributeType="Date" usesScalarValueType="NO"/>
        <attribute name="des_lattitude" optional="YES" attributeType="Double" defaultValueString="0.0" usesScalarValueType="YES"/>
        <attribute name="des_longitude" optional="YES" attributeType="Double" defaultValueString="0.0" usesScalarValueType="YES"/>
        <attribute name="destination" optional="YES" attributeType="String"/>
        <attribute name="name" optional="YES" attributeType="String"/>
        <attribute name="time" optional="YES" attributeType="Integer 16" defaultValueString="0" usesScalarValueType="YES"/>
    </entity>
</model>