<?xml version="1.0" encoding="UTF-8"?>
<Bucket
   uuid = "747FE530-95AE-4AD4-A2DD-8BAF59001897"
   type = "1"
   version = "2.0">
   <Breakpoints>
      <BreakpointProxy
         BreakpointExtensionID = "Xcode.Breakpoint.FileBreakpoint">
         <BreakpointContent
            uuid = "878E0AC0-0A44-4615-A115-ABB03D5B8EB6"
            shouldBeEnabled = "No"
            ignoreCount = "0"
            continueAfterRunningActions = "No"
            filePath = "Travel/MainView.swift"
            startingColumnNumber = "9223372036854775807"
            endingColumnNumber = "9223372036854775807"
            startingLineNumber = "43"
            endingLineNumber = "43"
            landmarkName = "unknown"
            landmarkType = "0">
         </BreakpointContent>
      </BreakpointProxy>
      <BreakpointProxy
         BreakpointExtensionID = "Xcode.Breakpoint.FileBreakpoint">
         <BreakpointContent
            uuid = "7BC37A09-8047-4496-9A8F-5BB14D36DAAD"
            shouldBeEnabled = "No"
            ignoreCount = "0"
            continueAfterRunningActions = "No"
            filePath = "Travel/Managers/LocationManager.swift"
            startingColumnNumber = "9223372036854775807"
            endingColumnNumber = "9223372036854775807"
            startingLineNumber = "26"
            endingLineNumber = "26"
            landmarkName = "LocationManager"
            landmarkType = "21">
         </BreakpointContent>
      </BreakpointProxy>
      <BreakpointProxy
         BreakpointExtensionID = "Xcode.Breakpoint.FileBreakpoint">
         <BreakpointContent
            uuid = "03FE730C-C5FF-4D03-A40F-06BECF9640D0"
            shouldBeEnabled = "No"
            ignoreCount = "0"
            continueAfterRunningActions = "No"
            filePath = "Travel/TravelApp.swift"
            startingColumnNumber = "9223372036854775807"
            endingColumnNumber = "9223372036854775807"
            startingLineNumber = "11"
            endingLineNumber = "11"
            landmarkName = "unknown"
            landmarkType = "0">
         </BreakpointContent>
      </BreakpointProxy>
      <BreakpointProxy
         BreakpointExtensionID = "Xcode.Breakpoint.FileBreakpoint">
         <BreakpointContent
            uuid = "D0D93AA3-FCBD-4DEE-9F8B-E7F139A4DE29"
            shouldBeEnabled = "No"
            ignoreCount = "0"
            continueAfterRunningActions = "No"
            filePath = "Travel/TravelApp.swift"
            startingColumnNumber = "9223372036854775807"
            endingColumnNumber = "9223372036854775807"
            startingLineNumber = "5"
            endingLineNumber = "5"
            landmarkName = "unknown"
            landmarkType = "0">
         </BreakpointContent>
      </BreakpointProxy>
      <BreakpointProxy
         BreakpointExtensionID = "Xcode.Breakpoint.FileBreakpoint">
         <BreakpointContent
            uuid = "AACFCC94-4FE7-471D-8255-F8F982DFD950"
            shouldBeEnabled = "No"
            ignoreCount = "0"
            continueAfterRunningActions = "No"
            filePath = "Travel/Views/MapView.swift"
            startingColumnNumber = "9223372036854775807"
            endingColumnNumber = "9223372036854775807"
            startingLineNumber = "15"
            endingLineNumber = "15"
            landmarkName = "MapView"
            landmarkType = "14">
            <Locations>
               <Location
                  uuid = "AACFCC94-4FE7-471D-8255-F8F982DFD950 - 387b40bd4c0feb77"
                  shouldBeEnabled = "Yes"
                  ignoreCount = "0"
                  continueAfterRunningActions = "No"
                  symbolName = "Travel.MapView.colorScheme.getter : SwiftUI.ColorScheme"
                  moduleName = "Travel"
                  usesParentBreakpointCondition = "Yes"
                  urlString = "file:///Users/hsinyi/Desktop/Travel/Travel/Views/MapView.swift"
                  startingColumnNumber = "9223372036854775807"
                  endingColumnNumber = "9223372036854775807"
                  startingLineNumber = "16"
                  endingLineNumber = "16"
                  offsetFromSymbolStart = "172">
               </Location>
               <Location
                  uuid = "AACFCC94-4FE7-471D-8255-F8F982DFD950 - 8405e6c5c11b94d6"
                  shouldBeEnabled = "Yes"
                  ignoreCount = "0"
                  continueAfterRunningActions = "No"
                  symbolName = "Travel.MapView.init() -&gt; Travel.MapView"
                  moduleName = "Travel"
                  usesParentBreakpointCondition = "Yes"
                  urlString = "file:///Users/hsinyi/Desktop/Travel/Travel/Views/MapView.swift"
                  startingColumnNumber = "9223372036854775807"
                  endingColumnNumber = "9223372036854775807"
                  startingLineNumber = "16"
                  endingLineNumber = "16"
                  offsetFromSymbolStart = "224">
               </Location>
            </Locations>
         </BreakpointContent>
      </BreakpointProxy>
      <BreakpointProxy
         BreakpointExtensionID = "Xcode.Breakpoint.FileBreakpoint">
         <BreakpointContent
            uuid = "AE06F4CA-8535-474D-857F-7BEC766C28AC"
            shouldBeEnabled = "No"
            ignoreCount = "0"
            continueAfterRunningActions = "No"
            filePath = "Travel/Models/TripModel.swift"
            startingColumnNumber = "9223372036854775807"
            endingColumnNumber = "9223372036854775807"
            startingLineNumber = "35"
            endingLineNumber = "35"
            landmarkName = "printInfo()"
            landmarkType = "7">
         </BreakpointContent>
      </BreakpointProxy>
   </Breakpoints>
</Bucket>
