<?xml version="1.0" encoding="UTF-8"?>
<Bucket
   uuid = "222B76E0-0F4E-4B68-B5E2-9D96DA60187E"
   type = "1"
   version = "2.0">
   <Breakpoints>
      <BreakpointProxy
         BreakpointExtensionID = "Xcode.Breakpoint.FileBreakpoint">
         <BreakpointContent
            uuid = "B190C2F8-917D-4365-9A15-618391C3F6D7"
            shouldBeEnabled = "No"
            ignoreCount = "0"
            continueAfterRunningActions = "No"
            filePath = "Travel/Models/FriendModel.swift"
            startingColumnNumber = "9223372036854775807"
            endingColumnNumber = "9223372036854775807"
            startingLineNumber = "42"
            endingLineNumber = "42"
            landmarkName = "getUserInfo(uid:status:)"
            landmarkType = "7">
         </BreakpointContent>
      </BreakpointProxy>
      <BreakpointProxy
         BreakpointExtensionID = "Xcode.Breakpoint.FileBreakpoint">
         <BreakpointContent
            uuid = "08EB5049-402D-4421-83B6-0AB2D134E3A2"
            shouldBeEnabled = "No"
            ignoreCount = "0"
            continueAfterRunningActions = "No"
            filePath = "Travel/Models/FriendModel.swift"
            startingColumnNumber = "9223372036854775807"
            endingColumnNumber = "9223372036854775807"
            startingLineNumber = "40"
            endingLineNumber = "40"
            landmarkName = "getUserInfo(uid:status:)"
            landmarkType = "7">
         </BreakpointContent>
      </BreakpointProxy>
      <BreakpointProxy
         BreakpointExtensionID = "Xcode.Breakpoint.FileBreakpoint">
         <BreakpointContent
            uuid = "B1C4828F-D8E6-44E7-B630-71D6915F9E41"
            shouldBeEnabled = "No"
            ignoreCount = "0"
            continueAfterRunningActions = "No"
            filePath = "Travel/Models/FriendModel.swift"
            startingColumnNumber = "9223372036854775807"
            endingColumnNumber = "9223372036854775807"
            startingLineNumber = "35"
            endingLineNumber = "35"
            landmarkName = "getUserInfo(uid:status:)"
            landmarkType = "7">
            <Locations>
               <Location
                  uuid = "B1C4828F-D8E6-44E7-B630-71D6915F9E41 - 5c9625ecd71ce68d"
                  shouldBeEnabled = "Yes"
                  ignoreCount = "0"
                  continueAfterRunningActions = "No"
                  symbolName = "Travel.FriendModel.getUserInfo(uid: Swift.String, status: Swift.Bool) -&gt; ()"
                  moduleName = "Travel"
                  usesParentBreakpointCondition = "Yes"
                  urlString = "file:///Users/xuan/Desktop/Program/IOS%E7%A8%8B%E5%BC%8F%E8%A8%AD%E8%A8%88/Travel/Travel/Models/FriendModel.swift"
                  startingColumnNumber = "9223372036854775807"
                  endingColumnNumber = "9223372036854775807"
                  startingLineNumber = "35"
                  endingLineNumber = "35"
                  offsetFromSymbolStart = "136">
               </Location>
               <Location
                  uuid = "B1C4828F-D8E6-44E7-B630-71D6915F9E41 - d66da139dfeb425"
                  shouldBeEnabled = "Yes"
                  ignoreCount = "0"
                  continueAfterRunningActions = "No"
                  symbolName = "closure #1 (__C.FIRDataSnapshot, Swift.Optional&lt;Swift.String&gt;) -&gt; () in Travel.FriendModel.getUserInfo(uid: Swift.String, status: Swift.Bool) -&gt; ()"
                  moduleName = "Travel"
                  usesParentBreakpointCondition = "Yes"
                  urlString = "file:///Users/xuan/Desktop/Program/IOS%E7%A8%8B%E5%BC%8F%E8%A8%AD%E8%A8%88/Travel/Travel/Models/FriendModel.swift"
                  startingColumnNumber = "9223372036854775807"
                  endingColumnNumber = "9223372036854775807"
                  startingLineNumber = "35"
                  endingLineNumber = "35"
                  offsetFromSymbolStart = "276">
               </Location>
            </Locations>
         </BreakpointContent>
      </BreakpointProxy>
      <BreakpointProxy
         BreakpointExtensionID = "Xcode.Breakpoint.FileBreakpoint">
         <BreakpointContent
            uuid = "857B959A-6F5B-4D09-B1E0-C0B90DD5C87B"
            shouldBeEnabled = "No"
            ignoreCount = "0"
            continueAfterRunningActions = "No"
            filePath = "Travel/Models/FriendModel.swift"
            startingColumnNumber = "9223372036854775807"
            endingColumnNumber = "9223372036854775807"
            startingLineNumber = "45"
            endingLineNumber = "45"
            landmarkName = "getUserInfo(uid:status:)"
            landmarkType = "7">
         </BreakpointContent>
      </BreakpointProxy>
      <BreakpointProxy
         BreakpointExtensionID = "Xcode.Breakpoint.FileBreakpoint">
         <BreakpointContent
            uuid = "CF991467-1E52-4915-B2B0-2E5E9348D2F2"
            shouldBeEnabled = "No"
            ignoreCount = "0"
            continueAfterRunningActions = "No"
            filePath = "Travel/Models/FriendModel.swift"
            startingColumnNumber = "9223372036854775807"
            endingColumnNumber = "9223372036854775807"
            startingLineNumber = "36"
            endingLineNumber = "36"
            landmarkName = "getUserInfo(uid:status:)"
            landmarkType = "7">
         </BreakpointContent>
      </BreakpointProxy>
      <BreakpointProxy
         BreakpointExtensionID = "Xcode.Breakpoint.FileBreakpoint">
         <BreakpointContent
            uuid = "3D616241-A3F1-49F4-9437-1DC32CD35BE5"
            shouldBeEnabled = "No"
            ignoreCount = "0"
            continueAfterRunningActions = "No"
            filePath = "Travel/Models/FriendModel.swift"
            startingColumnNumber = "9223372036854775807"
            endingColumnNumber = "9223372036854775807"
            startingLineNumber = "48"
            endingLineNumber = "48"
            landmarkName = "getUserInfo(uid:status:)"
            landmarkType = "7">
         </BreakpointContent>
      </BreakpointProxy>
      <BreakpointProxy
         BreakpointExtensionID = "Xcode.Breakpoint.FileBreakpoint">
         <BreakpointContent
            uuid = "00EE3634-255C-4E25-8023-E81BC0721DE1"
            shouldBeEnabled = "No"
            ignoreCount = "0"
            continueAfterRunningActions = "No"
            filePath = "Travel/Views/FriendView.swift"
            startingColumnNumber = "9223372036854775807"
            endingColumnNumber = "9223372036854775807"
            startingLineNumber = "45"
            endingLineNumber = "45"
            landmarkName = "body"
            landmarkType = "24">
         </BreakpointContent>
      </BreakpointProxy>
   </Breakpoints>
</Bucket>
