<?xml version="1.0" encoding="UTF-8"?>
<Scheme
   LastUpgradeVersion = "1430"
   version = "1.7">
   <BuildAction
      parallelizeBuildables = "YES"
      buildImplicitDependencies = "YES">
      <BuildActionEntries>
         <BuildActionEntry
            buildForTesting = "YES"
            buildForRunning = "YES"
            buildForProfiling = "YES"
            buildForArchiving = "YES"
            buildForAnalyzing = "YES">
            <BuildableReference
               BuildableIdentifier = "primary"
               BlueprintIdentifier = "720451C62A2FA576002A8A0E"
               BuildableName = "Travel.app"
               BlueprintName = "Travel"
               ReferencedContainer = "container:Travel.xcodeproj">
            </BuildableReference>
         </BuildActionEntry>
      </BuildActionEntries>
   </BuildAction>
   <TestAction
      buildConfiguration = "Debug"
      selectedDebuggerIdentifier = "Xcode.DebuggerFoundation.Debugger.LLDB"
      selectedLauncherIdentifier = "Xcode.DebuggerFoundation.Launcher.LLDB"
      shouldUseLaunchSchemeArgsEnv = "YES"
      shouldAutocreateTestPlan = "YES">
   </TestAction>
   <LaunchAction
      buildConfiguration = "Debug"
      selectedDebuggerIdentifier = "Xcode.DebuggerFoundation.Debugger.LLDB"
      selectedLauncherIdentifier = "Xcode.DebuggerFoundation.Launcher.LLDB"
      launchStyle = "0"
      useCustomWorkingDirectory = "NO"
      ignoresPersistentStateOnLaunch = "NO"
      debugDocumentVersioning = "YES"
      debugServiceExtension = "internal"
      allowLocationSimulation = "YES">
      <BuildableProductRunnable
         runnableDebuggingMode = "0">
         <BuildableReference
            BuildableIdentifier = "primary"
            BlueprintIdentifier = "720451C62A2FA576002A8A0E"
            BuildableName = "Travel.app"
            BlueprintName = "Travel"
            ReferencedContainer = "container:Travel.xcodeproj">
         </BuildableReference>
      </BuildableProductRunnable>
      <CommandLineArguments>
         <CommandLineArgument
            argument = "-FIRAnalyticsDebugEnable"
            isEnabled = "YES">
         </CommandLineArgument>
      </CommandLineArguments>
   </LaunchAction>
   <ProfileAction
      buildConfiguration = "Release"
      shouldUseLaunchSchemeArgsEnv = "YES"
      savedToolIdentifier = ""
      useCustomWorkingDirectory = "NO"
      debugDocumentVersioning = "YES">
      <BuildableProductRunnable
         runnableDebuggingMode = "0">
         <BuildableReference
            BuildableIdentifier = "primary"
            BlueprintIdentifier = "720451C62A2FA576002A8A0E"
            BuildableName = "Travel.app"
            BlueprintName = "Travel"
            ReferencedContainer = "container:Travel.xcodeproj">
         </BuildableReference>
      </BuildableProductRunnable>
   </ProfileAction>
   <AnalyzeAction
      buildConfiguration = "Debug">
   </AnalyzeAction>
   <ArchiveAction
      buildConfiguration = "Release"
      revealArchiveInOrganizer = "YES">
   </ArchiveAction>
</Scheme>
